{
    "AAPL": 30214.750311336906,
    "TSLA": 33726.68048907629,
    "MSFT": 8509.496172186738
}